id,first_name,last_name,email,phone,address,dob
1,Michael,P.,michael.p.63@example.com,(182)-437-3490,"9331 Maple St, New York, New York 10001",6/10/1951
2,Shawn,M.,shawn.m.49@example.com,(481)-856-3967,"4216 Maple St, San Antonio, Texas 78201",11/9/1997
3,Kathleen,P.,kathleen.p.95@gmail.com,(155)-464-5843,"4260 Fir St, Dallas, Texas 75001",11/27/1965
4,Jimmy,C.,jimmy.c.50@yahoo.com,(565)-470-8114,"4087 Walnut St, Phoenix, Arizona 85001",3/9/1975
5,Katherine,R.,katherine.r.38@yahoo.com,(996)-525-6021,"3447 Elm St, Dallas, Texas 75001",12/4/1998
6,Sarah,R.,sarah.r.53@gmail.com,(394)-355-9131,"7594 Birch St, New York, New York 10001",8/4/1963
7,Martin,M.,martin.m.84@hotmail.com,(813)-478-8150,"8441 Maple St, New York, New York 10001",5/16/1956
8,Frank,R.,frank.r.36@outlook.com,(186)-473-1319,"7265 Spruce St, Phoenix, Arizona 85001",8/16/1950
9,Jennifer,F.,jennifer.f.26@gmail.com,(348)-604-2511,"9062 Elm St, Los Angeles, California 90001",9/20/1997
10,Henry,W.,henry.w.46@hotmail.com,(810)-921-3546,"6013 Maple St, Dallas, Texas 75001",10/11/1950
11,Fred,S.,fred.s.40@outlook.com,(230)-402-3863,"7985 Pine St, Phoenix, Arizona 85001",9/21/1955
12,Amy,D.,amy.d.29@yahoo.com,(838)-570-3017,"8567 Pine St, Chicago, Illinois 60601",10/27/1973
13,Kathleen,M.,kathleen.m.31@yahoo.com,(360)-958-8946,"3065 Cherry St, Los Angeles, California 90001",2/4/1992
14,Steve,F.,steve.f.44@gmail.com,(607)-105-6550,"7439 Elm St, San Jose, California 95101",3/25/1968
15,Teresa,H.,teresa.h.98@outlook.com,(556)-729-1969,"7283 Cherry St, Philadelphia, Pennsylvania 19019",1/16/1960
16,Amanda,H.,amanda.h.49@gmail.com,(487)-636-9636,"1848 Oak St, San Diego, California 92101",4/16/1953
17,Kimberly,R.,kimberly.r.48@hotmail.com,(378)-437-5347,"9592 Fir St, New York, New York 10001",7/8/1959
18,Johnny,K.,johnny.k.20@example.com,(883)-233-1447,"2732 Oak St, Dallas, Texas 75001",1/17/1994
19,Virginia,F.,virginia.f.48@example.com,(640)-294-1391,"9828 Elm St, Los Angeles, California 90001",10/10/1963
20,Anna,A.,anna.a.52@hotmail.com,(176)-368-3541,"2704 Walnut St, Philadelphia, Pennsylvania 19019",10/13/1950
21,Willie,H.,willie.h.99@outlook.com,(159)-107-4341,"464 Maple St, Philadelphia, Pennsylvania 19019",3/17/1986
22,Sean,H.,sean.h.71@example.com,(147)-834-4655,"6842 Cedar St, Dallas, Texas 75001",4/27/1965
23,Mildred,A.,mildred.a.78@outlook.com,(955)-114-1594,"9717 Cherry St, San Diego, California 92101",1/8/1984
24,David,G.,david.g.78@example.com,(606)-288-1338,"3471 Cherry St, Houston, Texas 77001",10/28/1957
25,Victor,H.,victor.h.91@hotmail.com,(111)-972-9691,"2785 Walnut St, Philadelphia, Pennsylvania 19019",7/10/1973
26,Aaron,R.,aaron.r.86@gmail.com,(182)-266-8148,"6719 Fir St, Chicago, Illinois 60601",12/22/1985
27,Benjamin,B.,benjamin.b.94@gmail.com,(728)-313-8338,"3777 Maple St, New York, New York 10001",2/10/1979
28,Lisa,W.,lisa.w.78@gmail.com,(154)-632-3978,"6494 Walnut St, Chicago, Illinois 60601",1/10/1954
29,Benjamin,K.,benjamin.k.4@gmail.com,(133)-183-8263,"893 Spruce St, Dallas, Texas 75001",1/2/1951
30,Christina,W.,christina.w.14@example.com,(139)-119-2655,"3073 Birch St, San Diego, California 92101",6/17/1995
31,Jane,G.,jane.g.6@example.com,(501)-853-9850,"5500 Cedar St, San Diego, California 92101",6/29/1959
32,Thomas,O.,thomas.o.90@example.com,(201)-693-3863,"4924 Walnut St, New York, New York 10001",8/15/1982
33,Katherine,M.,katherine.m.84@gmail.com,(655)-151-5621,"1617 Cherry St, Dallas, Texas 75001",8/6/1997
34,Jennifer,S.,jennifer.s.67@hotmail.com,(739)-591-9037,"3559 Spruce St, Dallas, Texas 75001",8/23/1984
35,Sara,T.,sara.t.47@outlook.com,(567)-680-2320,"3935 Pine St, San Antonio, Texas 78201",10/5/1998
36,Harold,O.,harold.o.89@example.com,(333)-971-7492,"3070 Birch St, Los Angeles, California 90001",10/8/1954
37,Shirley,J.,shirley.j.75@outlook.com,(345)-153-3985,"9503 Cedar St, Philadelphia, Pennsylvania 19019",8/27/1970
38,Dennis,J.,dennis.j.28@yahoo.com,(987)-430-7076,"4309 Walnut St, San Diego, California 92101",5/14/1990
39,Louise,W.,louise.w.1@outlook.com,(271)-651-6565,"8652 Elm St, Chicago, Illinois 60601",3/15/1970
40,Maria,A.,maria.a.91@example.com,(996)-992-7967,"6071 Cherry St, Houston, Texas 77001",7/18/1984
41,Gloria,C.,gloria.c.42@yahoo.com,(786)-743-1621,"5367 Walnut St, Chicago, Illinois 60601",1/8/1980
42,Diana,S.,diana.s.8@outlook.com,(361)-222-2122,"2508 Elm St, San Diego, California 92101",8/26/1955
43,Kelly,N.,kelly.n.38@outlook.com,(209)-667-1857,"7581 Walnut St, Dallas, Texas 75001",3/1/1959
44,Jane,R.,jane.r.98@outlook.com,(951)-965-1192,"8901 Cherry St, Los Angeles, California 90001",2/7/1964
45,Scott,B.,scott.b.40@gmail.com,(556)-891-6722,"3953 Fir St, Chicago, Illinois 60601",8/2/1956
46,Norma,C.,norma.c.3@yahoo.com,(733)-303-5941,"1530 Fir St, San Antonio, Texas 78201",11/18/1971
47,Marie,P.,marie.p.26@example.com,(532)-482-9136,"629 Fir St, San Jose, California 95101",2/26/1961
48,Lillian,C.,lillian.c.16@hotmail.com,(163)-102-1013,"1530 Fir St, San Diego, California 92101",8/12/1961
49,Judy,N.,judy.n.86@hotmail.com,(409)-886-1249,"2142 Elm St, San Antonio, Texas 78201",10/3/1963
50,Billy,L.,billy.l.65@outlook.com,(636)-685-2435,"2485 Pine St, Dallas, Texas 75001",11/13/1980
51,Howard,R.,howard.r.13@hotmail.com,(314)-136-1888,"9061 Birch St, Chicago, Illinois 60601",7/11/1960
52,Laura,F.,laura.f.94@outlook.com,(478)-764-7996,"1054 Birch St, Dallas, Texas 75001",6/24/1972
53,Anne,B.,anne.b.26@gmail.com,(537)-892-4996,"8999 Elm St, Phoenix, Arizona 85001",5/5/1966
54,Rose,M.,rose.m.35@gmail.com,(863)-505-4078,"9791 Maple St, New York, New York 10001",6/8/1969
55,Nicholas,R.,nicholas.r.27@outlook.com,(524)-237-6593,"2501 Maple St, Dallas, Texas 75001",11/5/1988
56,Joshua,K.,joshua.k.78@yahoo.com,(341)-517-7101,"6216 Oak St, Phoenix, Arizona 85001",5/1/1992
57,Paul,W.,paul.w.21@gmail.com,(636)-382-6693,"2811 Elm St, Dallas, Texas 75001",7/26/1963
58,Kathryn,K.,kathryn.k.22@yahoo.com,(330)-194-7126,"3291 Birch St, Chicago, Illinois 60601",2/9/1974
59,Adam,A.,adam.a.16@hotmail.com,(264)-851-8722,"3534 Fir St, Houston, Texas 77001",3/25/1984
60,Norma,W.,norma.w.47@example.com,(701)-925-5156,"5929 Pine St, Houston, Texas 77001",9/18/1968
61,Timothy,R.,timothy.r.52@example.com,(636)-135-9951,"9208 Pine St, San Diego, California 92101",2/28/1960
62,Elizabeth,P.,elizabeth.p.91@gmail.com,(454)-712-2480,"2468 Cherry St, San Jose, California 95101",9/28/1952
63,Edward,G.,edward.g.63@example.com,(418)-105-8668,"2291 Pine St, Phoenix, Arizona 85001",4/7/1988
64,David,C.,david.c.93@yahoo.com,(622)-671-3713,"1233 Cherry St, Houston, Texas 77001",9/12/1954
65,Brenda,W.,brenda.w.89@gmail.com,(974)-869-6872,"624 Pine St, Dallas, Texas 75001",5/1/1954
66,Adam,W.,adam.w.81@outlook.com,(149)-142-8510,"8022 Fir St, San Diego, California 92101",2/25/1989
67,Michael,H.,michael.h.71@yahoo.com,(115)-849-2500,"4976 Spruce St, San Jose, California 95101",2/3/1991
68,Jesse,E.,jesse.e.22@hotmail.com,(294)-398-9294,"1235 Walnut St, Philadelphia, Pennsylvania 19019",9/16/1969
69,Janet,P.,janet.p.52@gmail.com,(584)-324-1544,"1491 Birch St, Chicago, Illinois 60601",10/14/1966
70,Helen,F.,helen.f.8@yahoo.com,(366)-701-1166,"3797 Oak St, Dallas, Texas 75001",6/28/1955
71,Gerald,C.,gerald.c.3@gmail.com,(907)-798-3367,"9238 Birch St, Los Angeles, California 90001",3/7/1974
72,Kathryn,O.,kathryn.o.78@hotmail.com,(224)-121-3810,"4514 Oak St, Philadelphia, Pennsylvania 19019",10/18/2000
73,Alan,B.,alan.b.16@gmail.com,(767)-341-6519,"959 Pine St, Houston, Texas 77001",6/4/1968
74,Harry,A.,harry.a.38@outlook.com,(503)-671-6459,"6769 Oak St, Dallas, Texas 75001",11/1/1984
75,Andrea,H.,andrea.h.50@hotmail.com,(772)-199-6098,"883 Cedar St, San Antonio, Texas 78201",6/4/1959
76,Barbara,W.,barbara.w.59@hotmail.com,(927)-170-1423,"5044 Walnut St, Philadelphia, Pennsylvania 19019",3/10/1950
77,Anne,W.,anne.w.41@hotmail.com,(392)-951-9728,"1237 Cherry St, Houston, Texas 77001",6/17/1964
78,Harry,H.,harry.h.18@outlook.com,(101)-851-1351,"7724 Cherry St, Philadelphia, Pennsylvania 19019",2/19/1997
79,Jack,R.,jack.r.100@outlook.com,(296)-328-9964,"5120 Oak St, New York, New York 10001",10/26/1989
80,Phillip,H.,phillip.h.55@outlook.com,(229)-432-5031,"4840 Elm St, Philadelphia, Pennsylvania 19019",6/18/1996
81,Shirley,H.,shirley.h.61@example.com,(471)-113-5289,"8150 Cherry St, Chicago, Illinois 60601",7/6/1977
82,Arthur,D.,arthur.d.84@example.com,(138)-389-2016,"2362 Walnut St, Philadelphia, Pennsylvania 19019",7/31/1990
83,Virginia,R.,virginia.r.89@outlook.com,(843)-187-4589,"5659 Birch St, Los Angeles, California 90001",2/8/1983
84,Christina,R.,christina.r.92@hotmail.com,(466)-730-5702,"5752 Cherry St, Houston, Texas 77001",10/16/1968
85,Theresa,M.,theresa.m.92@outlook.com,(740)-908-3539,"1158 Birch St, San Jose, California 95101",4/9/1988
86,Jason,C.,jason.c.51@hotmail.com,(139)-967-1903,"7454 Birch St, San Antonio, Texas 78201",12/19/1988
87,Phillip,B.,phillip.b.21@hotmail.com,(206)-575-2965,"4945 Fir St, San Antonio, Texas 78201",6/1/1983
88,Adam,T.,adam.t.30@gmail.com,(395)-809-4979,"9486 Walnut St, San Antonio, Texas 78201",4/22/1992
89,Margaret,J.,margaret.j.91@gmail.com,(184)-905-4340,"5926 Spruce St, Philadelphia, Pennsylvania 19019",11/12/1962
90,Paul,P.,paul.p.10@gmail.com,(399)-358-5694,"1657 Cedar St, Houston, Texas 77001",11/17/1990
91,Todd,W.,todd.w.61@gmail.com,(126)-617-1665,"3601 Pine St, Houston, Texas 77001",7/3/1986
92,Willie,O.,willie.o.60@yahoo.com,(656)-938-4591,"8667 Elm St, Los Angeles, California 90001",4/10/1983
93,Frances,R.,frances.r.78@example.com,(146)-376-3386,"8593 Cedar St, Los Angeles, California 90001",12/13/1963
94,Gregory,H.,gregory.h.76@outlook.com,(191)-955-5138,"8156 Walnut St, New York, New York 10001",2/2/1996
95,Lisa,P.,lisa.p.29@gmail.com,(179)-321-7744,"7147 Cherry St, San Jose, California 95101",7/28/1978
96,Jacqueline,A.,jacqueline.a.26@hotmail.com,(543)-756-4462,"5602 Cedar St, Phoenix, Arizona 85001",3/10/1962
97,Shirley,D.,shirley.d.14@outlook.com,(779)-473-7738,"3148 Cedar St, San Antonio, Texas 78201",9/17/1952
98,Nicole,M.,nicole.m.7@outlook.com,(812)-603-6978,"4741 Cherry St, San Diego, California 92101",5/15/1954
99,Mary,G.,mary.g.89@example.com,(709)-547-6927,"2335 Elm St, San Diego, California 92101",5/26/1987
100,Jean,M.,jean.m.93@outlook.com,(312)-703-5662,"742 Fir St, Los Angeles, California 90001",11/8/1960
